student_id,course_id,is_required,rank
S2026000,ADV,True,1
S2026000,ENG12,True,1
S2026000,GOV,True,1
S2026000,STATS,True,1
S2026000,CALC,True,1
S2026000,PHYS,True,1
S2026000,ART,True,1
S2026000,SPAN,True,1
S2026000,MUS,False,1
S2026000,APRES,False,2
S2026001,ADV,True,1
S2026001,ENG12,True,1
S2026001,GOV,True,1
S2026001,PE,True,1
S2026001,STATS,True,1
S2026001,SPAN,True,1
S2026001,CALC,True,1
S2026001,CS,True,1
S2026001,APRES,False,1
S2026001,MUS,False,2
S2026002,ADV,True,1
S2026002,ENG12,True,1
S2026002,GOV,True,1
S2026002,CHEM,True,1
S2026002,PE,True,1
S2026002,CALC,True,1
S2026002,PHYS,True,1
S2026002,STATS,True,1
S2026002,ROBO,False,1
S2026002,CRWR,False,2
S2026003,ADV,True,1
S2026003,ENG12,True,1
S2026003,GOV,True,1
S2026003,SPAN,True,1
S2026003,CHEM,True,1
S2026003,CS,True,1
S2026003,PHYS,True,1
S2026003,BIO,True,1
S2026003,APRES,False,1
S2026003,MUS,False,2
S2026004,ADV,True,1
S2026004,ENG12,True,1
S2026004,GOV,True,1
S2026004,SPAN,True,1
S2026004,HIST,True,1
S2026004,PHYS,True,1
S2026004,STATS,True,1
S2026004,ART,True,1
S2026004,PSYCH,False,1
S2026004,APRES,False,2
S2026005,ADV,True,1
S2026005,ENG12,True,1
S2026005,GOV,True,1
S2026005,STATS,True,1
S2026005,SPAN,True,1
S2026005,ART,True,1
S2026005,BIO,True,1
S2026005,PE,True,1
S2026005,CRWR,False,1
S2026005,PSYCH,False,2
S2026006,ADV,True,1
S2026006,ENG12,True,1
S2026006,GOV,True,1
S2026006,CALC,True,1
S2026006,CS,True,1
S2026006,STATS,True,1
S2026006,CHEM,True,1
S2026006,ART,True,1
S2026006,CRWR,False,1
S2026006,PSYCH,False,2
S2026007,ADV,True,1
S2026007,ENG12,True,1
S2026007,GOV,True,1
S2026007,ART,True,1
S2026007,HIST,True,1
S2026007,CHEM,True,1
S2026007,PE,True,1
S2026007,CALC,True,1
S2026007,APRES,False,1
S2026007,MUS,False,2
S2026008,ADV,True,1
S2026008,ENG12,True,1
S2026008,GOV,True,1
S2026008,PHYS,True,1
S2026008,STATS,True,1
S2026008,CHEM,True,1
S2026008,SPAN,True,1
S2026008,CALC,True,1
S2026008,ECON,False,1
S2026008,PSYCH,False,2
S2026009,ADV,True,1
S2026009,ENG12,True,1
S2026009,GOV,True,1
S2026009,CS,True,1
S2026009,HIST,True,1
S2026009,BIO,True,1
S2026009,ART,True,1
S2026009,SPAN,True,1
S2026009,MUS,False,1
S2026009,PSYCH,False,2
S2026010,ADV,True,1
S2026010,ENG12,True,1
S2026010,GOV,True,1
S2026010,STATS,True,1
S2026010,BIO,True,1
S2026010,CHEM,True,1
S2026010,ART,True,1
S2026010,CS,True,1
S2026010,ECON,False,1
S2026010,PSYCH,False,2
S2026011,ADV,True,1
S2026011,ENG12,True,1
S2026011,GOV,True,1
S2026011,PE,True,1
S2026011,CHEM,True,1
S2026011,HIST,True,1
S2026011,SPAN,True,1
S2026011,CALC,True,1
S2026011,MUS,False,1
S2026011,APRES,False,2
S2026012,ADV,True,1
S2026012,ENG12,True,1
S2026012,GOV,True,1
S2026012,HIST,True,1
S2026012,SPAN,True,1
S2026012,PHYS,True,1
S2026012,CALC,True,1
S2026012,STATS,True,1
S2026012,CRWR,False,1
S2026012,PSYCH,False,2
S2026013,ADV,True,1
S2026013,ENG12,True,1
S2026013,GOV,True,1
S2026013,CHEM,True,1
S2026013,CS,True,1
S2026013,SPAN,True,1
S2026013,HIST,True,1
S2026013,ART,True,1
S2026013,MUS,False,1
S2026013,PSYCH,False,2
S2026014,ADV,True,1
S2026014,ENG12,True,1
S2026014,GOV,True,1
S2026014,BIO,True,1
S2026014,CHEM,True,1
S2026014,PHYS,True,1
S2026014,HIST,True,1
S2026014,CS,True,1
S2026014,ECON,False,1
S2026014,CRWR,False,2
S2026015,ADV,True,1
S2026015,ENG12,True,1
S2026015,GOV,True,1
S2026015,SPAN,True,1
S2026015,HIST,True,1
S2026015,CHEM,True,1
S2026015,STATS,True,1
S2026015,PHYS,True,1
S2026015,ECON,False,1
S2026015,APRES,False,2
S2026016,ADV,True,1
S2026016,ENG12,True,1
S2026016,GOV,True,1
S2026016,CALC,True,1
S2026016,STATS,True,1
S2026016,BIO,True,1
S2026016,HIST,True,1
S2026016,PE,True,1
S2026016,ROBO,False,1
S2026016,ECON,False,2
S2026017,ADV,True,1
S2026017,ENG12,True,1
S2026017,GOV,True,1
S2026017,ART,True,1
S2026017,STATS,True,1
S2026017,SPAN,True,1
S2026017,CHEM,True,1
S2026017,PHYS,True,1
S2026017,ECON,False,1
S2026017,CRWR,False,2
S2026018,ADV,True,1
S2026018,ENG12,True,1
S2026018,GOV,True,1
S2026018,PHYS,True,1
S2026018,PE,True,1
S2026018,CALC,True,1
S2026018,HIST,True,1
S2026018,SPAN,True,1
S2026018,APRES,False,1
S2026018,CRWR,False,2
S2026019,ADV,True,1
S2026019,ENG12,True,1
S2026019,GOV,True,1
S2026019,PHYS,True,1
S2026019,HIST,True,1
S2026019,STATS,True,1
S2026019,BIO,True,1
S2026019,CHEM,True,1
S2026019,MUS,False,1
S2026019,ECON,False,2
S2026020,ADV,True,1
S2026020,ENG12,True,1
S2026020,GOV,True,1
S2026020,CALC,True,1
S2026020,PHYS,True,1
S2026020,BIO,True,1
S2026020,PE,True,1
S2026020,ART,True,1
S2026020,ROBO,False,1
S2026020,PSYCH,False,2
S2026021,ADV,True,1
S2026021,ENG12,True,1
S2026021,GOV,True,1
S2026021,PE,True,1
S2026021,CHEM,True,1
S2026021,BIO,True,1
S2026021,CS,True,1
S2026021,STATS,True,1
S2026021,CRWR,False,1
S2026021,ROBO,False,2
S2026022,ADV,True,1
S2026022,ENG12,True,1
S2026022,GOV,True,1
S2026022,CALC,True,1
S2026022,HIST,True,1
S2026022,CS,True,1
S2026022,ART,True,1
S2026022,SPAN,True,1
S2026022,PSYCH,False,1
S2026022,ROBO,False,2
S2026023,ADV,True,1
S2026023,ENG12,True,1
S2026023,GOV,True,1
S2026023,CHEM,True,1
S2026023,CALC,True,1
S2026023,ART,True,1
S2026023,PHYS,True,1
S2026023,PE,True,1
S2026023,APRES,False,1
S2026023,ECON,False,2
S2026024,ADV,True,1
S2026024,ENG12,True,1
S2026024,GOV,True,1
S2026024,STATS,True,1
S2026024,PE,True,1
S2026024,BIO,True,1
S2026024,ART,True,1
S2026024,HIST,True,1
S2026024,ECON,False,1
S2026024,CRWR,False,2
S2026025,ADV,True,1
S2026025,ENG12,True,1
S2026025,GOV,True,1
S2026025,BIO,True,1
S2026025,PHYS,True,1
S2026025,SPAN,True,1
S2026025,STATS,True,1
S2026025,PE,True,1
S2026025,ROBO,False,1
S2026025,MUS,False,2
S2026026,ADV,True,1
S2026026,ENG12,True,1
S2026026,GOV,True,1
S2026026,PHYS,True,1
S2026026,SPAN,True,1
S2026026,HIST,True,1
S2026026,CHEM,True,1
S2026026,ART,True,1
S2026026,ECON,False,1
S2026026,APRES,False,2
S2026027,ADV,True,1
S2026027,ENG12,True,1
S2026027,GOV,True,1
S2026027,CHEM,True,1
S2026027,ART,True,1
S2026027,STATS,True,1
S2026027,BIO,True,1
S2026027,CALC,True,1
S2026027,CRWR,False,1
S2026027,ROBO,False,2
S2026028,ADV,True,1
S2026028,ENG12,True,1
S2026028,GOV,True,1
S2026028,CHEM,True,1
S2026028,ART,True,1
S2026028,CALC,True,1
S2026028,CS,True,1
S2026028,HIST,True,1
S2026028,ROBO,False,1
S2026028,APRES,False,2
S2026029,ADV,True,1
S2026029,ENG12,True,1
S2026029,GOV,True,1
S2026029,CHEM,True,1
S2026029,STATS,True,1
S2026029,CALC,True,1
S2026029,SPAN,True,1
S2026029,BIO,True,1
S2026029,APRES,False,1
S2026029,CRWR,False,2
S2026030,ADV,True,1
S2026030,ENG12,True,1
S2026030,GOV,True,1
S2026030,CHEM,True,1
S2026030,PHYS,True,1
S2026030,CS,True,1
S2026030,STATS,True,1
S2026030,PE,True,1
S2026030,MUS,False,1
S2026030,CRWR,False,2
S2026031,ADV,True,1
S2026031,ENG12,True,1
S2026031,GOV,True,1
S2026031,ART,True,1
S2026031,CS,True,1
S2026031,CHEM,True,1
S2026031,SPAN,True,1
S2026031,PE,True,1
S2026031,ECON,False,1
S2026031,MUS,False,2
S2026032,ADV,True,1
S2026032,ENG12,True,1
S2026032,GOV,True,1
S2026032,STATS,True,1
S2026032,ART,True,1
S2026032,SPAN,True,1
S2026032,BIO,True,1
S2026032,CHEM,True,1
S2026032,ECON,False,1
S2026032,ROBO,False,2
S2026033,ADV,True,1
S2026033,ENG12,True,1
S2026033,GOV,True,1
S2026033,CALC,True,1
S2026033,STATS,True,1
S2026033,ART,True,1
S2026033,CHEM,True,1
S2026033,HIST,True,1
S2026033,PSYCH,False,1
S2026033,APRES,False,2
S2026034,ADV,True,1
S2026034,ENG12,True,1
S2026034,GOV,True,1
S2026034,CHEM,True,1
S2026034,ART,True,1
S2026034,PE,True,1
S2026034,PHYS,True,1
S2026034,CS,True,1
S2026034,MUS,False,1
S2026034,ECON,False,2
S2026035,ADV,True,1
S2026035,ENG12,True,1
S2026035,GOV,True,1
S2026035,BIO,True,1
S2026035,PHYS,True,1
S2026035,CS,True,1
S2026035,STATS,True,1
S2026035,CALC,True,1
S2026035,ECON,False,1
S2026035,CRWR,False,2
S2026036,ADV,True,1
S2026036,ENG12,True,1
S2026036,GOV,True,1
S2026036,STATS,True,1
S2026036,CALC,True,1
S2026036,PE,True,1
S2026036,CS,True,1
S2026036,ART,True,1
S2026036,MUS,False,1
S2026036,ECON,False,2
S2026037,ADV,True,1
S2026037,ENG12,True,1
S2026037,GOV,True,1
S2026037,CS,True,1
S2026037,ART,True,1
S2026037,CHEM,True,1
S2026037,SPAN,True,1
S2026037,PE,True,1
S2026037,APRES,False,1
S2026037,MUS,False,2
S2026038,ADV,True,1
S2026038,ENG12,True,1
S2026038,GOV,True,1
S2026038,SPAN,True,1
S2026038,CALC,True,1
S2026038,ART,True,1
S2026038,BIO,True,1
S2026038,CHEM,True,1
S2026038,PSYCH,False,1
S2026038,ECON,False,2
S2026039,ADV,True,1
S2026039,ENG12,True,1
S2026039,GOV,True,1
S2026039,PE,True,1
S2026039,CS,True,1
S2026039,BIO,True,1
S2026039,STATS,True,1
S2026039,ART,True,1
S2026039,MUS,False,1
S2026039,APRES,False,2
S2026040,ADV,True,1
S2026040,ENG12,True,1
S2026040,GOV,True,1
S2026040,ART,True,1
S2026040,PE,True,1
S2026040,CALC,True,1
S2026040,HIST,True,1
S2026040,BIO,True,1
S2026040,APRES,False,1
S2026040,ROBO,False,2
S2026041,ADV,True,1
S2026041,ENG12,True,1
S2026041,GOV,True,1
S2026041,ART,True,1
S2026041,CS,True,1
S2026041,BIO,True,1
S2026041,CALC,True,1
S2026041,PHYS,True,1
S2026041,APRES,False,1
S2026041,MUS,False,2
S2026042,ADV,True,1
S2026042,ENG12,True,1
S2026042,GOV,True,1
S2026042,STATS,True,1
S2026042,ART,True,1
S2026042,CHEM,True,1
S2026042,CS,True,1
S2026042,CALC,True,1
S2026042,CRWR,False,1
S2026042,MUS,False,2
S2026043,ADV,True,1
S2026043,ENG12,True,1
S2026043,GOV,True,1
S2026043,ART,True,1
S2026043,CALC,True,1
S2026043,STATS,True,1
S2026043,CHEM,True,1
S2026043,HIST,True,1
S2026043,CRWR,False,1
S2026043,ROBO,False,2
S2026044,ADV,True,1
S2026044,ENG12,True,1
S2026044,GOV,True,1
S2026044,PE,True,1
S2026044,HIST,True,1
S2026044,PHYS,True,1
S2026044,STATS,True,1
S2026044,ART,True,1
S2026044,ROBO,False,1
S2026044,PSYCH,False,2
S2026045,ADV,True,1
S2026045,ENG12,True,1
S2026045,GOV,True,1
S2026045,CHEM,True,1
S2026045,PHYS,True,1
S2026045,SPAN,True,1
S2026045,STATS,True,1
S2026045,HIST,True,1
S2026045,ROBO,False,1
S2026045,PSYCH,False,2
S2026046,ADV,True,1
S2026046,ENG12,True,1
S2026046,GOV,True,1
S2026046,CS,True,1
S2026046,HIST,True,1
S2026046,STATS,True,1
S2026046,CALC,True,1
S2026046,CHEM,True,1
S2026046,CRWR,False,1
S2026046,ROBO,False,2
S2026047,ADV,True,1
S2026047,ENG12,True,1
S2026047,GOV,True,1
S2026047,STATS,True,1
S2026047,ART,True,1
S2026047,CHEM,True,1
S2026047,PHYS,True,1
S2026047,BIO,True,1
S2026047,MUS,False,1
S2026047,PSYCH,False,2
S2026048,ADV,True,1
S2026048,ENG12,True,1
S2026048,GOV,True,1
S2026048,STATS,True,1
S2026048,CHEM,True,1
S2026048,HIST,True,1
S2026048,BIO,True,1
S2026048,ART,True,1
S2026048,ECON,False,1
S2026048,CRWR,False,2
S2026049,ADV,True,1
S2026049,ENG12,True,1
S2026049,GOV,True,1
S2026049,PHYS,True,1
S2026049,PE,True,1
S2026049,CALC,True,1
S2026049,HIST,True,1
S2026049,ART,True,1
S2026049,PSYCH,False,1
S2026049,APRES,False,2
S2026050,ADV,True,1
S2026050,ENG12,True,1
S2026050,GOV,True,1
S2026050,BIO,True,1
S2026050,PHYS,True,1
S2026050,STATS,True,1
S2026050,CALC,True,1
S2026050,HIST,True,1
S2026050,CRWR,False,1
S2026050,MUS,False,2
S2026051,ADV,True,1
S2026051,ENG12,True,1
S2026051,GOV,True,1
S2026051,PHYS,True,1
S2026051,ART,True,1
S2026051,CHEM,True,1
S2026051,HIST,True,1
S2026051,BIO,True,1
S2026051,MUS,False,1
S2026051,PSYCH,False,2
S2026052,ADV,True,1
S2026052,ENG12,True,1
S2026052,GOV,True,1
S2026052,PE,True,1
S2026052,CS,True,1
S2026052,PHYS,True,1
S2026052,SPAN,True,1
S2026052,CALC,True,1
S2026052,APRES,False,1
S2026052,ECON,False,2
S2026053,ADV,True,1
S2026053,ENG12,True,1
S2026053,GOV,True,1
S2026053,PHYS,True,1
S2026053,CALC,True,1
S2026053,PE,True,1
S2026053,BIO,True,1
S2026053,STATS,True,1
S2026053,ROBO,False,1
S2026053,PSYCH,False,2
S2026054,ADV,True,1
S2026054,ENG12,True,1
S2026054,GOV,True,1
S2026054,BIO,True,1
S2026054,CS,True,1
S2026054,SPAN,True,1
S2026054,PHYS,True,1
S2026054,CALC,True,1
S2026054,APRES,False,1
S2026054,ROBO,False,2
S2026055,ADV,True,1
S2026055,ENG12,True,1
S2026055,GOV,True,1
S2026055,BIO,True,1
S2026055,PE,True,1
S2026055,CALC,True,1
S2026055,SPAN,True,1
S2026055,ART,True,1
S2026055,CRWR,False,1
S2026055,ROBO,False,2
S2026056,ADV,True,1
S2026056,ENG12,True,1
S2026056,GOV,True,1
S2026056,BIO,True,1
S2026056,SPAN,True,1
S2026056,ART,True,1
S2026056,CALC,True,1
S2026056,CS,True,1
S2026056,PSYCH,False,1
S2026056,APRES,False,2
S2026057,ADV,True,1
S2026057,ENG12,True,1
S2026057,GOV,True,1
S2026057,HIST,True,1
S2026057,CHEM,True,1
S2026057,PE,True,1
S2026057,ART,True,1
S2026057,CALC,True,1
S2026057,PSYCH,False,1
S2026057,CRWR,False,2
S2026058,ADV,True,1
S2026058,ENG12,True,1
S2026058,GOV,True,1
S2026058,SPAN,True,1
S2026058,BIO,True,1
S2026058,CHEM,True,1
S2026058,ART,True,1
S2026058,STATS,True,1
S2026058,MUS,False,1
S2026058,ECON,False,2
S2026059,ADV,True,1
S2026059,ENG12,True,1
S2026059,GOV,True,1
S2026059,CALC,True,1
S2026059,BIO,True,1
S2026059,HIST,True,1
S2026059,SPAN,True,1
S2026059,CHEM,True,1
S2026059,ROBO,False,1
S2026059,MUS,False,2
S2026060,ADV,True,1
S2026060,ENG12,True,1
S2026060,GOV,True,1
S2026060,PHYS,True,1
S2026060,BIO,True,1
S2026060,STATS,True,1
S2026060,CHEM,True,1
S2026060,CALC,True,1
S2026060,ECON,False,1
S2026060,MUS,False,2
S2026061,ADV,True,1
S2026061,ENG12,True,1
S2026061,GOV,True,1
S2026061,CHEM,True,1
S2026061,CS,True,1
S2026061,HIST,True,1
S2026061,BIO,True,1
S2026061,STATS,True,1
S2026061,MUS,False,1
S2026061,APRES,False,2
S2026062,ADV,True,1
S2026062,ENG12,True,1
S2026062,GOV,True,1
S2026062,CHEM,True,1
S2026062,SPAN,True,1
S2026062,HIST,True,1
S2026062,BIO,True,1
S2026062,CALC,True,1
S2026062,PSYCH,False,1
S2026062,ROBO,False,2
S2026063,ADV,True,1
S2026063,ENG12,True,1
S2026063,GOV,True,1
S2026063,PE,True,1
S2026063,SPAN,True,1
S2026063,HIST,True,1
S2026063,CALC,True,1
S2026063,ART,True,1
S2026063,PSYCH,False,1
S2026063,MUS,False,2
S2026064,ADV,True,1
S2026064,ENG12,True,1
S2026064,GOV,True,1
S2026064,ART,True,1
S2026064,PHYS,True,1
S2026064,CALC,True,1
S2026064,CS,True,1
S2026064,PE,True,1
S2026064,ECON,False,1
S2026064,PSYCH,False,2
S2026065,ADV,True,1
S2026065,ENG12,True,1
S2026065,GOV,True,1
S2026065,HIST,True,1
S2026065,SPAN,True,1
S2026065,STATS,True,1
S2026065,CHEM,True,1
S2026065,PHYS,True,1
S2026065,MUS,False,1
S2026065,PSYCH,False,2
S2026066,ADV,True,1
S2026066,ENG12,True,1
S2026066,GOV,True,1
S2026066,CALC,True,1
S2026066,SPAN,True,1
S2026066,ART,True,1
S2026066,PHYS,True,1
S2026066,PE,True,1
S2026066,ROBO,False,1
S2026066,MUS,False,2
S2026067,ADV,True,1
S2026067,ENG12,True,1
S2026067,GOV,True,1
S2026067,HIST,True,1
S2026067,SPAN,True,1
S2026067,STATS,True,1
S2026067,ART,True,1
S2026067,BIO,True,1
S2026067,CRWR,False,1
S2026067,PSYCH,False,2
S2026068,ADV,True,1
S2026068,ENG12,True,1
S2026068,GOV,True,1
S2026068,STATS,True,1
S2026068,PHYS,True,1
S2026068,PE,True,1
S2026068,HIST,True,1
S2026068,CHEM,True,1
S2026068,PSYCH,False,1
S2026068,ECON,False,2
S2026069,ADV,True,1
S2026069,ENG12,True,1
S2026069,GOV,True,1
S2026069,PHYS,True,1
S2026069,PE,True,1
S2026069,BIO,True,1
S2026069,STATS,True,1
S2026069,CHEM,True,1
S2026069,ROBO,False,1
S2026069,ECON,False,2
S2026070,ADV,True,1
S2026070,ENG12,True,1
S2026070,GOV,True,1
S2026070,BIO,True,1
S2026070,PHYS,True,1
S2026070,SPAN,True,1
S2026070,PE,True,1
S2026070,CALC,True,1
S2026070,PSYCH,False,1
S2026070,ROBO,False,2
S2026071,ADV,True,1
S2026071,ENG12,True,1
S2026071,GOV,True,1
S2026071,CHEM,True,1
S2026071,SPAN,True,1
S2026071,HIST,True,1
S2026071,ART,True,1
S2026071,PE,True,1
S2026071,ECON,False,1
S2026071,MUS,False,2
S2026072,ADV,True,1
S2026072,ENG12,True,1
S2026072,GOV,True,1
S2026072,PE,True,1
S2026072,CS,True,1
S2026072,BIO,True,1
S2026072,HIST,True,1
S2026072,CALC,True,1
S2026072,PSYCH,False,1
S2026072,CRWR,False,2
S2026073,ADV,True,1
S2026073,ENG12,True,1
S2026073,GOV,True,1
S2026073,ART,True,1
S2026073,HIST,True,1
S2026073,STATS,True,1
S2026073,SPAN,True,1
S2026073,CS,True,1
S2026073,ROBO,False,1
S2026073,PSYCH,False,2
S2026074,ADV,True,1
S2026074,ENG12,True,1
S2026074,GOV,True,1
S2026074,CHEM,True,1
S2026074,ART,True,1
S2026074,BIO,True,1
S2026074,CALC,True,1
S2026074,SPAN,True,1
S2026074,MUS,False,1
S2026074,ECON,False,2
S2026075,ADV,True,1
S2026075,ENG12,True,1
S2026075,GOV,True,1
S2026075,ART,True,1
S2026075,STATS,True,1
S2026075,CS,True,1
S2026075,CHEM,True,1
S2026075,HIST,True,1
S2026075,CRWR,False,1
S2026075,MUS,False,2
S2026076,ADV,True,1
S2026076,ENG12,True,1
S2026076,GOV,True,1
S2026076,SPAN,True,1
S2026076,CS,True,1
S2026076,ART,True,1
S2026076,STATS,True,1
S2026076,PE,True,1
S2026076,ROBO,False,1
S2026076,APRES,False,2
S2026077,ADV,True,1
S2026077,ENG12,True,1
S2026077,GOV,True,1
S2026077,STATS,True,1
S2026077,SPAN,True,1
S2026077,CHEM,True,1
S2026077,ART,True,1
S2026077,HIST,True,1
S2026077,CRWR,False,1
S2026077,ECON,False,2
S2026078,ADV,True,1
S2026078,ENG12,True,1
S2026078,GOV,True,1
S2026078,CALC,True,1
S2026078,PE,True,1
S2026078,CHEM,True,1
S2026078,SPAN,True,1
S2026078,ART,True,1
S2026078,ECON,False,1
S2026078,MUS,False,2
S2026079,ADV,True,1
S2026079,ENG12,True,1
S2026079,GOV,True,1
S2026079,CS,True,1
S2026079,PE,True,1
S2026079,HIST,True,1
S2026079,SPAN,True,1
S2026079,CHEM,True,1
S2026079,CRWR,False,1
S2026079,ROBO,False,2
S2026080,ADV,True,1
S2026080,ENG12,True,1
S2026080,GOV,True,1
S2026080,SPAN,True,1
S2026080,PE,True,1
S2026080,CS,True,1
S2026080,STATS,True,1
S2026080,HIST,True,1
S2026080,ECON,False,1
S2026080,ROBO,False,2
S2026081,ADV,True,1
S2026081,ENG12,True,1
S2026081,GOV,True,1
S2026081,PHYS,True,1
S2026081,CHEM,True,1
S2026081,ART,True,1
S2026081,SPAN,True,1
S2026081,CS,True,1
S2026081,ECON,False,1
S2026081,MUS,False,2
S2026082,ADV,True,1
S2026082,ENG12,True,1
S2026082,GOV,True,1
S2026082,PHYS,True,1
S2026082,CS,True,1
S2026082,STATS,True,1
S2026082,HIST,True,1
S2026082,BIO,True,1
S2026082,MUS,False,1
S2026082,PSYCH,False,2
S2026083,ADV,True,1
S2026083,ENG12,True,1
S2026083,GOV,True,1
S2026083,HIST,True,1
S2026083,ART,True,1
S2026083,STATS,True,1
S2026083,CS,True,1
S2026083,SPAN,True,1
S2026083,MUS,False,1
S2026083,ECON,False,2
S2026084,ADV,True,1
S2026084,ENG12,True,1
S2026084,GOV,True,1
S2026084,BIO,True,1
S2026084,CHEM,True,1
S2026084,STATS,True,1
S2026084,PE,True,1
S2026084,SPAN,True,1
S2026084,PSYCH,False,1
S2026084,CRWR,False,2
S2026085,ADV,True,1
S2026085,ENG12,True,1
S2026085,GOV,True,1
S2026085,CS,True,1
S2026085,SPAN,True,1
S2026085,CALC,True,1
S2026085,STATS,True,1
S2026085,CHEM,True,1
S2026085,ECON,False,1
S2026085,CRWR,False,2
S2026086,ADV,True,1
S2026086,ENG12,True,1
S2026086,GOV,True,1
S2026086,CALC,True,1
S2026086,SPAN,True,1
S2026086,CS,True,1
S2026086,ART,True,1
S2026086,BIO,True,1
S2026086,PSYCH,False,1
S2026086,ECON,False,2
S2026087,ADV,True,1
S2026087,ENG12,True,1
S2026087,GOV,True,1
S2026087,SPAN,True,1
S2026087,PE,True,1
S2026087,CHEM,True,1
S2026087,CS,True,1
S2026087,STATS,True,1
S2026087,PSYCH,False,1
S2026087,ECON,False,2
S2026088,ADV,True,1
S2026088,ENG12,True,1
S2026088,GOV,True,1
S2026088,CS,True,1
S2026088,CALC,True,1
S2026088,SPAN,True,1
S2026088,BIO,True,1
S2026088,HIST,True,1
S2026088,ROBO,False,1
S2026088,ECON,False,2
S2026089,ADV,True,1
S2026089,ENG12,True,1
S2026089,GOV,True,1
S2026089,BIO,True,1
S2026089,CS,True,1
S2026089,ART,True,1
S2026089,PHYS,True,1
S2026089,SPAN,True,1
S2026089,APRES,False,1
S2026089,ECON,False,2
S2026090,ADV,True,1
S2026090,ENG12,True,1
S2026090,GOV,True,1
S2026090,ART,True,1
S2026090,CALC,True,1
S2026090,STATS,True,1
S2026090,HIST,True,1
S2026090,CHEM,True,1
S2026090,MUS,False,1
S2026090,ECON,False,2
S2026091,ADV,True,1
S2026091,ENG12,True,1
S2026091,GOV,True,1
S2026091,BIO,True,1
S2026091,CALC,True,1
S2026091,PHYS,True,1
S2026091,CHEM,True,1
S2026091,ART,True,1
S2026091,MUS,False,1
S2026091,ECON,False,2
S2026092,ADV,True,1
S2026092,ENG12,True,1
S2026092,GOV,True,1
S2026092,HIST,True,1
S2026092,ART,True,1
S2026092,SPAN,True,1
S2026092,BIO,True,1
S2026092,CHEM,True,1
S2026092,PSYCH,False,1
S2026092,APRES,False,2
S2026093,ADV,True,1
S2026093,ENG12,True,1
S2026093,GOV,True,1
S2026093,CS,True,1
S2026093,CALC,True,1
S2026093,PE,True,1
S2026093,BIO,True,1
S2026093,STATS,True,1
S2026093,ROBO,False,1
S2026093,APRES,False,2
S2026094,ADV,True,1
S2026094,ENG12,True,1
S2026094,GOV,True,1
S2026094,CALC,True,1
S2026094,ART,True,1
S2026094,CHEM,True,1
S2026094,STATS,True,1
S2026094,PE,True,1
S2026094,CRWR,False,1
S2026094,MUS,False,2
S2026095,ADV,True,1
S2026095,ENG12,True,1
S2026095,GOV,True,1
S2026095,CHEM,True,1
S2026095,BIO,True,1
S2026095,CS,True,1
S2026095,HIST,True,1
S2026095,CALC,True,1
S2026095,CRWR,False,1
S2026095,MUS,False,2
S2026096,ADV,True,1
S2026096,ENG12,True,1
S2026096,GOV,True,1
S2026096,CS,True,1
S2026096,PHYS,True,1
S2026096,HIST,True,1
S2026096,STATS,True,1
S2026096,PE,True,1
S2026096,CRWR,False,1
S2026096,APRES,False,2
S2026097,ADV,True,1
S2026097,ENG12,True,1
S2026097,GOV,True,1
S2026097,BIO,True,1
S2026097,PHYS,True,1
S2026097,STATS,True,1
S2026097,PE,True,1
S2026097,CALC,True,1
S2026097,PSYCH,False,1
S2026097,CRWR,False,2
S2026098,ADV,True,1
S2026098,ENG12,True,1
S2026098,GOV,True,1
S2026098,SPAN,True,1
S2026098,ART,True,1
S2026098,CHEM,True,1
S2026098,CALC,True,1
S2026098,PHYS,True,1
S2026098,ROBO,False,1
S2026098,MUS,False,2
S2026099,ADV,True,1
S2026099,ENG12,True,1
S2026099,GOV,True,1
S2026099,STATS,True,1
S2026099,PHYS,True,1
S2026099,ART,True,1
S2026099,SPAN,True,1
S2026099,PE,True,1
S2026099,APRES,False,1
S2026099,PSYCH,False,2
S2026100,ADV,True,1
S2026100,ENG12,True,1
S2026100,GOV,True,1
S2026100,PE,True,1
S2026100,SPAN,True,1
S2026100,HIST,True,1
S2026100,CALC,True,1
S2026100,PHYS,True,1
S2026100,ROBO,False,1
S2026100,PSYCH,False,2
S2026101,ADV,True,1
S2026101,ENG12,True,1
S2026101,GOV,True,1
S2026101,CALC,True,1
S2026101,SPAN,True,1
S2026101,CS,True,1
S2026101,ART,True,1
S2026101,CHEM,True,1
S2026101,PSYCH,False,1
S2026101,ECON,False,2
S2026102,ADV,True,1
S2026102,ENG12,True,1
S2026102,GOV,True,1
S2026102,BIO,True,1
S2026102,SPAN,True,1
S2026102,ART,True,1
S2026102,HIST,True,1
S2026102,PHYS,True,1
S2026102,ROBO,False,1
S2026102,PSYCH,False,2
S2026103,ADV,True,1
S2026103,ENG12,True,1
S2026103,GOV,True,1
S2026103,ART,True,1
S2026103,PE,True,1
S2026103,CS,True,1
S2026103,CHEM,True,1
S2026103,SPAN,True,1
S2026103,ROBO,False,1
S2026103,CRWR,False,2
S2026104,ADV,True,1
S2026104,ENG12,True,1
S2026104,GOV,True,1
S2026104,PHYS,True,1
S2026104,HIST,True,1
S2026104,CHEM,True,1
S2026104,SPAN,True,1
S2026104,CALC,True,1
S2026104,PSYCH,False,1
S2026104,ECON,False,2
S2026105,ADV,True,1
S2026105,ENG12,True,1
S2026105,GOV,True,1
S2026105,CHEM,True,1
S2026105,CS,True,1
S2026105,SPAN,True,1
S2026105,BIO,True,1
S2026105,CALC,True,1
S2026105,ECON,False,1
S2026105,PSYCH,False,2
S2026106,ADV,True,1
S2026106,ENG12,True,1
S2026106,GOV,True,1
S2026106,BIO,True,1
S2026106,CS,True,1
S2026106,CHEM,True,1
S2026106,ART,True,1
S2026106,SPAN,True,1
S2026106,PSYCH,False,1
S2026106,ROBO,False,2
S2026107,ADV,True,1
S2026107,ENG12,True,1
S2026107,GOV,True,1
S2026107,ART,True,1
S2026107,PHYS,True,1
S2026107,CALC,True,1
S2026107,PE,True,1
S2026107,STATS,True,1
S2026107,APRES,False,1
S2026107,MUS,False,2
S2026108,ADV,True,1
S2026108,ENG12,True,1
S2026108,GOV,True,1
S2026108,SPAN,True,1
S2026108,CS,True,1
S2026108,CHEM,True,1
S2026108,HIST,True,1
S2026108,PE,True,1
S2026108,ROBO,False,1
S2026108,ECON,False,2
S2026109,ADV,True,1
S2026109,ENG12,True,1
S2026109,GOV,True,1
S2026109,CS,True,1
S2026109,CALC,True,1
S2026109,STATS,True,1
S2026109,BIO,True,1
S2026109,ART,True,1
S2026109,ECON,False,1
S2026109,MUS,False,2
S2026110,ADV,True,1
S2026110,ENG12,True,1
S2026110,GOV,True,1
S2026110,PHYS,True,1
S2026110,HIST,True,1
S2026110,CS,True,1
S2026110,ART,True,1
S2026110,SPAN,True,1
S2026110,PSYCH,False,1
S2026110,ECON,False,2
S2026111,ADV,True,1
S2026111,ENG12,True,1
S2026111,GOV,True,1
S2026111,PE,True,1
S2026111,HIST,True,1
S2026111,ART,True,1
S2026111,CS,True,1
S2026111,CHEM,True,1
S2026111,PSYCH,False,1
S2026111,ROBO,False,2
S2026112,ADV,True,1
S2026112,ENG12,True,1
S2026112,GOV,True,1
S2026112,PHYS,True,1
S2026112,CHEM,True,1
S2026112,STATS,True,1
S2026112,HIST,True,1
S2026112,CS,True,1
S2026112,PSYCH,False,1
S2026112,APRES,False,2
S2026113,ADV,True,1
S2026113,ENG12,True,1
S2026113,GOV,True,1
S2026113,PE,True,1
S2026113,BIO,True,1
S2026113,CHEM,True,1
S2026113,STATS,True,1
S2026113,HIST,True,1
S2026113,ECON,False,1
S2026113,PSYCH,False,2
S2026114,ADV,True,1
S2026114,ENG12,True,1
S2026114,GOV,True,1
S2026114,ART,True,1
S2026114,PE,True,1
S2026114,PHYS,True,1
S2026114,CALC,True,1
S2026114,STATS,True,1
S2026114,PSYCH,False,1
S2026114,MUS,False,2
S2026115,ADV,True,1
S2026115,ENG12,True,1
S2026115,GOV,True,1
S2026115,HIST,True,1
S2026115,BIO,True,1
S2026115,PHYS,True,1
S2026115,CALC,True,1
S2026115,ART,True,1
S2026115,CRWR,False,1
S2026115,MUS,False,2
S2026116,ADV,True,1
S2026116,ENG12,True,1
S2026116,GOV,True,1
S2026116,PHYS,True,1
S2026116,CALC,True,1
S2026116,PE,True,1
S2026116,ART,True,1
S2026116,BIO,True,1
S2026116,ROBO,False,1
S2026116,MUS,False,2
S2026117,ADV,True,1
S2026117,ENG12,True,1
S2026117,GOV,True,1
S2026117,CS,True,1
S2026117,STATS,True,1
S2026117,CALC,True,1
S2026117,PHYS,True,1
S2026117,BIO,True,1
S2026117,ECON,False,1
S2026117,ROBO,False,2
S2026118,ADV,True,1
S2026118,ENG12,True,1
S2026118,GOV,True,1
S2026118,CS,True,1
S2026118,HIST,True,1
S2026118,BIO,True,1
S2026118,CALC,True,1
S2026118,ART,True,1
S2026118,ECON,False,1
S2026118,APRES,False,2
S2026119,ADV,True,1
S2026119,ENG12,True,1
S2026119,GOV,True,1
S2026119,STATS,True,1
S2026119,SPAN,True,1
S2026119,CS,True,1
S2026119,CALC,True,1
S2026119,PHYS,True,1
S2026119,ROBO,False,1
S2026119,APRES,False,2
S2026120,ADV,True,1
S2026120,ENG12,True,1
S2026120,GOV,True,1
S2026120,BIO,True,1
S2026120,ART,True,1
S2026120,PHYS,True,1
S2026120,CALC,True,1
S2026120,STATS,True,1
S2026120,APRES,False,1
S2026120,CRWR,False,2
S2026121,ADV,True,1
S2026121,ENG12,True,1
S2026121,GOV,True,1
S2026121,SPAN,True,1
S2026121,CHEM,True,1
S2026121,ART,True,1
S2026121,PE,True,1
S2026121,CS,True,1
S2026121,PSYCH,False,1
S2026121,CRWR,False,2
S2026122,ADV,True,1
S2026122,ENG12,True,1
S2026122,GOV,True,1
S2026122,SPAN,True,1
S2026122,PHYS,True,1
S2026122,CALC,True,1
S2026122,PE,True,1
S2026122,HIST,True,1
S2026122,APRES,False,1
S2026122,MUS,False,2
S2026123,ADV,True,1
S2026123,ENG12,True,1
S2026123,GOV,True,1
S2026123,CHEM,True,1
S2026123,PHYS,True,1
S2026123,STATS,True,1
S2026123,CS,True,1
S2026123,SPAN,True,1
S2026123,MUS,False,1
S2026123,CRWR,False,2
S2026124,ADV,True,1
S2026124,ENG12,True,1
S2026124,GOV,True,1
S2026124,STATS,True,1
S2026124,BIO,True,1
S2026124,CALC,True,1
S2026124,CHEM,True,1
S2026124,SPAN,True,1
S2026124,ROBO,False,1
S2026124,CRWR,False,2
S2026125,ADV,True,1
S2026125,ENG12,True,1
S2026125,GOV,True,1
S2026125,CS,True,1
S2026125,PHYS,True,1
S2026125,CALC,True,1
S2026125,STATS,True,1
S2026125,BIO,True,1
S2026125,ROBO,False,1
S2026125,PSYCH,False,2
S2026126,ADV,True,1
S2026126,ENG12,True,1
S2026126,GOV,True,1
S2026126,CS,True,1
S2026126,STATS,True,1
S2026126,CHEM,True,1
S2026126,BIO,True,1
S2026126,HIST,True,1
S2026126,CRWR,False,1
S2026126,MUS,False,2
S2026127,ADV,True,1
S2026127,ENG12,True,1
S2026127,GOV,True,1
S2026127,SPAN,True,1
S2026127,STATS,True,1
S2026127,CHEM,True,1
S2026127,HIST,True,1
S2026127,PE,True,1
S2026127,PSYCH,False,1
S2026127,MUS,False,2
S2026128,ADV,True,1
S2026128,ENG12,True,1
S2026128,GOV,True,1
S2026128,STATS,True,1
S2026128,CALC,True,1
S2026128,BIO,True,1
S2026128,SPAN,True,1
S2026128,CS,True,1
S2026128,CRWR,False,1
S2026128,ROBO,False,2
S2026129,ADV,True,1
S2026129,ENG12,True,1
S2026129,GOV,True,1
S2026129,PHYS,True,1
S2026129,CS,True,1
S2026129,STATS,True,1
S2026129,CHEM,True,1
S2026129,HIST,True,1
S2026129,PSYCH,False,1
S2026129,ECON,False,2
